{
  "task_success_rate": 0.0,
  "attack_interception_rate": 0.3717948717948718,
  "over_refusal_rate": 0.0,
  "false_negative_rate": 0.6282051282051282,
  "false_positive_rate": 0.0,
  "attribution_accuracy": 0.0,
  "attack_success_rate": 0.6282051282051282
}