{
  "attack_interception_rate": 0.5384615384615384,
  "attack_success_rate": 0.46153846153846156,
  "attribution_accuracy": 0.0,
  "false_negative_rate": 0.46153846153846156,
  "false_positive_rate": 0.0,
  "over_refusal_rate": 0.0,
  "task_success_rate": 0.6415094339622641
}
